{
  "toggle_mod": true,
  "animation_speed": 190,
  "curve_points": [
    [
      0.453125,
      0.22308627
    ],
    [
      0.71875,
      1.0441576
    ]
  ]
}